Date,Name,Year,Letterboxd URI,Rating,Rewatch,Tags,Watched Date
1/4/25,The Name of the Rose,1986,https://boxd.it/8iqHmH,3.5,,,1/2/25
1/4/25,Becket,1964,https://boxd.it/8irgM1,4,,,1/2/25
1/5/25,Conclave,2024,https://boxd.it/8joLwB,5,Yes,2025 oscars,1/3/25
1/9/25,The Sting,1973,https://boxd.it/8ngq21,4,,,1/6/25
1/9/25,8½,1963,https://boxd.it/8nB8L5,3.5,,,1/6/25
1/10/25,The Mummy,1999,https://boxd.it/8p3DGb,5,Yes,,1/9/25
1/11/25,The Cabinet of Dr. Caligari,1920,https://boxd.it/8pp28v,3,,,1/9/25
1/17/25,Casino,1995,https://boxd.it/8uUhFL,4.5,,,1/14/25
1/16/25,The Most Dangerous Game,1932,https://boxd.it/8uoI6z,2,,,1/15/25
1/17/25,The Lady Vanishes,1938,https://boxd.it/8uTWsB,3.5,,,1/15/25
1/17/25,Blue Velvet,1986,https://boxd.it/8vbM9l,5,,,1/16/25
1/19/25,Laura,1944,https://boxd.it/8wnfXZ,3.5,,,1/16/25
1/20/25,Emilia Pérez,2024,https://boxd.it/8xuaY7,1,,2025 oscars,1/19/25
1/22/25,The 39 Steps,1935,https://boxd.it/8z1F61,3.5,,,1/20/25
1/24/25,The Twilight Saga: New Moon,2009,https://boxd.it/8AkcVh,2,,,1/22/25
1/26/25,The Twilight Saga: Eclipse,2010,https://boxd.it/8CsUH3,1.5,,,1/25/25
1/30/25,The Batman,2022,https://boxd.it/8FrGnj,5,Yes,,1/29/25
1/31/25,From Ground Zero,2024,https://boxd.it/8FWn2j,,,"michigan/state theater, solo",1/30/25
2/9/25,Nickel Boys,2024,https://boxd.it/8LQY8Z,4.5,,"2025 oscars, michigan/state theater, solo",2/4/25
2/6/25,The Lord of the Rings: The Fellowship of the Ring,2001,https://boxd.it/8KkpkD,4.5,Yes,,2/5/25
2/9/25,A Real Pain,2024,https://boxd.it/8LR7fZ,3.5,,2025 oscars,2/7/25
2/11/25,A Complete Unknown,2024,https://boxd.it/8NrtBf,3.5,,"2025 oscars, ronnie's, w/dad!",2/8/25
2/12/25,Anora,2024,https://boxd.it/8OaDyP,3.5,,"michigan/state theater, 2025 oscars, solo",2/11/25
2/13/25,The Apprentice,2024,https://boxd.it/8OLpzD,3.5,,2025 oscars,2/12/25
2/15/25,Sugarcane,2024,https://boxd.it/8PB9rd,4,,2025 oscars,2/13/25
2/17/25,The Substance,2024,https://boxd.it/8R3HcL,3,,2025 oscars,2/14/25
2/17/25,Black Box Diaries,2024,https://boxd.it/8R3MNd,4.5,,2025 oscars,2/15/25
2/17/25,Inside Out 2,2024,https://boxd.it/8R3SFf,3,,2025 oscars,2/15/25
2/17/25,The Girl with the Needle,2024,https://boxd.it/8RoDED,4,,2025 oscars,2/16/25
2/17/25,Wicked,2024,https://boxd.it/8RFtLX,2.5,,2025 oscars,2/16/25
2/18/25,Wallace & Gromit: Vengeance Most Fowl,2024,https://boxd.it/8RVYXH,3.5,,2025 oscars,2/17/25
2/19/25,Soundtrack to a Coup d'Etat,2024,https://boxd.it/8SG65v,3.5,,2025 oscars,2/17/25
2/19/25,A Lien,2023,https://boxd.it/8SONWN,3,,"2025 oscars, michigan/state theater, solo",2/18/25
2/19/25,Anuja,2024,https://boxd.it/8SOSGZ,3,,"2025 oscars, michigan/state theater, solo",2/18/25
2/19/25,The Last Ranger,2024,https://boxd.it/8SP2qx,4,,"2025 oscars, michigan/state theater, solo",2/18/25
2/19/25,The Man Who Could Not Remain Silent,2024,https://boxd.it/8SPhpp,4,,"michigan/state theater, 2025 oscars, solo",2/18/25
2/19/25,I'm Not a Robot,2023,https://boxd.it/8SPph9,5,,"michigan/state theater, 2025 oscars, solo",2/18/25
2/22/25,I'm Still Here,2024,https://boxd.it/8Uiaeh,4,,"2025 oscars, michigan/state theater, solo",2/19/25
2/22/25,Death by Numbers,2024,https://boxd.it/8UihS9,1.5,,2025 oscars,2/20/25
2/22/25,"I Am Ready, Warden",2024,https://boxd.it/8UipFR,0.5,,2025 oscars,2/20/25
2/22/25,The Only Girl in the Orchestra,2023,https://boxd.it/8Uiw7n,2.5,,2025 oscars,2/20/25
2/22/25,Instruments of a Beating Heart,2024,https://boxd.it/8UiyoZ,4,,2025 oscars,2/20/25
2/22/25,Incident,2023,https://boxd.it/8UiBlz,4.5,,2025 oscars,2/20/25
2/22/25,Alien: Romulus,2024,https://boxd.it/8UiHNp,2.5,,2025 oscars,2/20/25
2/25/25,Elton John: Never Too Late,2024,https://boxd.it/8WuLrJ,2.5,,2025 oscars,2/21/25
2/25/25,Kingdom of the Planet of the Apes,2024,https://boxd.it/8WvFBl,3,,2025 oscars,2/22/25
2/27/25,The Brutalist,2024,https://boxd.it/8XCyul,3.5,,"2025 oscars, michigan/state theater, solo",2/23/25
3/1/25,Wander to Wonder,2023,https://boxd.it/8YJU5Z,1.5,,"2025 oscars, michigan/state theater, solo",2/25/25
3/1/25,Beautiful Men,2023,https://boxd.it/8YJWgl,1.5,,"2025 oscars, michigan/state theater, solo",2/25/25
3/1/25,Yuck!,2024,https://boxd.it/8YJYtL,2.5,,"2025 oscars, michigan/state theater, solo",2/25/25
3/1/25,In the Shadow of the Cypress,2023,https://boxd.it/8YK23n,3.5,,"2025 oscars, michigan/state theater, solo",2/25/25
3/1/25,Magic Candies,2024,https://boxd.it/8YK919,4,,"2025 oscars, michigan/state theater, solo",2/25/25
3/1/25,Flow,2024,https://boxd.it/8YSVhl,4.5,,"on a plane, 2025 oscars",2/27/25
3/1/25,The Wild Robot,2024,https://boxd.it/8YT0RD,4,,2025 oscars,2/27/25
3/2/25,The Seed of the Sacred Fig,2024,https://boxd.it/8ZnSFB,4,,2025 oscars,2/28/25
3/2/25,No Other Land,2024,https://boxd.it/8Zo015,4.5,,2025 oscars,2/28/25
3/2/25,The Six Triple Eight,2024,https://boxd.it/8Zo6OR,2,,2025 oscars,2/28/25
3/2/25,Memoir of a Snail,2024,https://boxd.it/8Zw1yv,1,,2025 oscars,3/1/25
3/2/25,A Different Man,2024,https://boxd.it/8ZCxhN,4,,2025 oscars,3/1/25
3/3/25,Porcelain War,2024,https://boxd.it/905Csp,3,,2025 oscars,3/1/25
3/3/25,Sing Sing,2023,https://boxd.it/905JI5,4.5,,2025 oscars,3/1/25
3/3/25,Maria,2024,https://boxd.it/90g2iF,3.5,,2025 oscars,3/2/25
3/3/25,September 5,2024,https://boxd.it/90oru3,2.5,,2025 oscars,3/2/25
3/3/25,Better Man,2024,https://boxd.it/90sGt3,3.5,,2025 oscars,3/2/25
3/5/25,L.A. Confidential,1997,https://boxd.it/91Oakh,4.5,Yes,,3/4/25
3/9/25,In Bruges,2008,https://boxd.it/946Mbr,4,,,3/5/25
3/13/25,Mickey 17,2025,https://boxd.it/96wCJt,4.5,,"alamo drafthouse, solo",3/8/25
3/18/25,South Pacific,1958,https://boxd.it/99Gxbj,2,,,3/13/25
3/19/25,The Twilight Saga: Breaking Dawn – Part 1,2011,https://boxd.it/9avYff,1.5,,,3/18/25
3/23/25,Marie Antoinette,2006,https://boxd.it/9ch5gd,4,,,3/19/25
3/27/25,The Twilight Saga: Breaking Dawn – Part 2,2012,https://boxd.it/9eKooB,1.5,,,3/25/25
4/3/25,Pan & Syrinx,2024,https://boxd.it/9iRaAD,3,,michigan/state theater,3/27/25
4/3/25,The Princess and the Peacock,2024,https://boxd.it/9iRbxZ,4,,michigan/state theater,3/27/25
4/3/25,Call Me Ro,2024,https://boxd.it/9iRcKb,4,,michigan/state theater,3/27/25
4/3/25,a_blurred_fluxx_00.avi,2025,https://boxd.it/9iReOf,3,,michigan/state theater,3/27/25
4/5/25,Heat,1995,https://boxd.it/9jE2tn,4,,,4/3/25
4/7/25,Black Bag,2025,https://boxd.it/9l70HT,4,,"michigan/state theater, solo",4/4/25
4/7/25,Tombstone,1993,https://boxd.it/9l7auF,4.5,Yes,,4/5/25
4/13/25,The Terminator,1984,https://boxd.it/9o49sp,3.5,,,4/11/25
4/20/25,Kill Bill: Vol. 1,2003,https://boxd.it/9sfzhl,4,,,4/12/25
4/20/25,Rosencrantz & Guildenstern Are Dead,1990,https://boxd.it/9sfBoX,3.5,,,4/14/25
4/25/25,Sinners,2025,https://boxd.it/9vEE3b,5,,"cinemark, imax, 2026 oscars",4/23/25
5/10/25,Companion,2025,https://boxd.it/9Eeu6j,3,,,5/9/25
5/14/25,Vertigo,1958,https://boxd.it/9GNKst,4,,,5/10/25
5/18/25,When Harry Met Sally...,1989,https://boxd.it/9IP6CZ,4.5,,,5/11/25
5/29/25,She Done Him Wrong,1933,https://boxd.it/9PEfWv,2.5,,,5/23/25
5/29/25,Mission: Impossible – The Final Reckoning,2025,https://boxd.it/9PEsh1,4,,"ronnie's, imax, w/dad!",5/26/25
6/3/25,I Married a Witch,1942,https://boxd.it/9SVgsR,3.5,,,5/28/25
6/4/25,Mission: Impossible II,2000,https://boxd.it/9TxB6N,2.5,,,5/29/25
6/5/25,The Residence,2025,https://boxd.it/9UebbX,4.5,,,5/31/25
6/12/25,The Woman in Red,1935,https://boxd.it/9YnjH7,2.5,,,6/7/25
6/12/25,The Hollow Crown: Henry VI - Part 1,2016,https://boxd.it/9YrvpH,,,,6/7/25
6/14/25,The Hollow Crown: Henry VI - Part 2,2016,https://boxd.it/9Zr71b,3.5,,,6/9/25
6/14/25,The Hollow Crown: Richard III,2016,https://boxd.it/9Zr9QP,3,,,6/9/25
6/18/25,Persona,1966,https://boxd.it/a28vYv,4.5,,on a plane,6/12/25
6/18/25,Pirates of the Caribbean: The Curse of the Black Pearl,2003,https://boxd.it/a28F1N,3.5,,on a plane,6/15/25
6/24/25,Pirates of the Caribbean: Dead Man's Chest,2006,https://boxd.it/a6cjCV,3,,,6/19/25
6/29/25,The Man with a Cloak,1951,https://boxd.it/a9mXhb,3,,,6/28/25
6/29/25,The Phoenician Scheme,2025,https://boxd.it/a9F6mP,4,,"des peres, w/dad!",6/28/25
7/3/25,The Old Guard,2020,https://boxd.it/acjxQZ,3,,,7/2/25
7/4/25,The Lion in Winter,1968,https://boxd.it/acZOH5,4.5,,,7/3/25
7/4/25,Legend,1985,https://boxd.it/acZZW1,3.5,,,7/3/25
7/8/25,Superman,1978,https://boxd.it/afDff9,3.5,,,7/5/25
7/8/25,F1,2025,https://boxd.it/afDuyb,3.5,,"ronnie's, imax, w/dad!, 2026 oscars",7/6/25
7/10/25,The Man Who Shot Liberty Valance,1962,https://boxd.it/ahkbSV,4,,,7/8/25
7/11/25,Man of Steel,2013,https://boxd.it/ahEFVl,1.5,,,7/10/25
7/11/25,Superman,2025,https://boxd.it/ahUzWf,5,,"ronnie's, imax, solo",7/10/25
7/20/25,Superman,2025,https://boxd.it/aoFVh7,5,Yes,"imax, ronnie's, w/dad!, w/tay!",7/18/25
7/24/25,Eddington,2025,https://boxd.it/arOgAx,2,,"ronnie's, solo",7/22/25
7/25/25,Gladiator,2000,https://boxd.it/asWhch,4.5,Yes,,7/24/25
7/28/25,The Fantastic 4: First Steps,2025,https://boxd.it/av57uV,3.5,,"ronnie's, imax, w/dad!",7/26/25
7/30/25,Arsenic and Old Lace,1944,https://boxd.it/awWWrX,4,Yes,,7/27/25
8/4/25,The Naked Gun,2025,https://boxd.it/aBdONL,3.5,,"ronnie's, w/dad!",8/3/25
8/7/25,Batman: Year One,2011,https://boxd.it/aDydX5,3,,,8/6/25
8/14/25,Excalibur,1981,https://boxd.it/aIFYOt,4,,,8/10/25
8/15/25,"Batman: The Long Halloween, Part One",2021,https://boxd.it/aJm1G7,2.5,,,8/13/25
8/15/25,"Batman: The Long Halloween, Part Two",2021,https://boxd.it/aJAsub,2.5,,,8/14/25
8/22/25,Ordet,1955,https://boxd.it/aOTlEB,4.5,,,8/15/25
8/22/25,Babette's Feast,1987,https://boxd.it/aOTpTl,5,,on a plane,8/16/25
8/22/25,Hamlet,1948,https://boxd.it/aOTvfh,3,,on a plane,8/16/25
8/22/25,The Northman,2022,https://boxd.it/aOTzRf,4,,on a plane,8/17/25
8/22/25,My Favorite Wife,1940,https://boxd.it/aOTI6d,3.5,,on a plane,8/17/25
8/26/25,The Great Gatsby,2013,https://boxd.it/aRqhm3,3,,on a plane,8/23/25
8/26/25,Ocean's Eight,2018,https://boxd.it/aRujW1,3.5,,on a plane,8/23/25
8/27/25,Honey Don't!,2025,https://boxd.it/aSe7hH,2,,"ronnie's, solo",8/25/25
9/3/25,The Roses,2025,https://boxd.it/aWXnRx,3,,"ronnie's, w/dad!",8/31/25
9/5/25,Jaws,1975,https://boxd.it/aYbfrX,5,,"ronnie's, imax, solo",9/1/25
9/12/25,Caught Stealing,2025,https://boxd.it/b2sNpL,3.5,,"ronnie's, solo",9/8/25
9/12/25,The Philadelphia Story,1940,https://boxd.it/b2z5Z5,4.5,,,9/8/25
9/15/25,It Happened One Night,1934,https://boxd.it/b4QaYN,4.5,Yes,,9/14/25
9/18/25,Butch Cassidy and the Sundance Kid,1969,https://boxd.it/b6bOKH,4,,,9/16/25
9/21/25,Dracula,2025,https://boxd.it/b7QLPZ,,,,9/20/25
9/22/25,Batman,1989,https://boxd.it/b8u4az,3,,,9/20/25
9/22/25,Charade,1963,https://boxd.it/b8vLzJ,4,,,9/20/25
9/22/25,This Is Spinal Tap,1984,https://boxd.it/b8y1t7,4,,,9/21/25
9/22/25,Satan Met a Lady,1936,https://boxd.it/b8FAl7,2,,,9/21/25
9/22/25,Batman Returns,1992,https://boxd.it/b8QC79,3.5,,,9/21/25
9/23/25,The Usual Suspects,1995,https://boxd.it/b9f8AF,4,,,9/22/25
9/29/25,One Battle After Another,2025,https://boxd.it/bd4Yrz,5,,"ronnie's, imax, w/dad!, 2026 oscars",9/28/25
10/3/25,Frankenstein,1931,https://boxd.it/bfdTyr,3,,,10/1/25
10/3/25,The Mummy,1999,https://boxd.it/bfnTYz,5,Yes,,10/2/25
10/5/25,The Mummy,1959,https://boxd.it/bgnMLn,3.5,,,10/3/25
10/9/25,Friday the 13th,1980,https://boxd.it/bj2HV3,1.5,,,10/4/25
10/9/25,Bride of Frankenstein,1935,https://boxd.it/bj2SSz,4,,,10/4/25
10/16/25,Halloween,1978,https://boxd.it/bnFlhT,3,,,10/14/25
10/17/25,The Invisible Man,1933,https://boxd.it/bobZG9,3.5,,,10/15/25
10/18/25,The Conjuring,2013,https://boxd.it/boFpmx,4,,,10/16/25
10/27/25,Halloweentown,1998,https://boxd.it/buYcY1,2.5,Yes,,10/24/25
10/27/25,Halloweentown II: Kalabar's Revenge,2001,https://boxd.it/buYi3F,2.5,Yes,,10/25/25
10/27/25,Halloweentown High,2004,https://boxd.it/buYnah,1.5,Yes,,10/25/25
10/27/25,House on Haunted Hill,1959,https://boxd.it/bv8Sct,3,,,10/25/25
10/27/25,The Crow,1994,https://boxd.it/bv9hMV,3.5,,,10/26/25
10/28/25,Creature from the Black Lagoon,1954,https://boxd.it/bvU2H1,3.5,,,10/26/25
10/30/25,Elvira: Mistress of the Dark,1988,https://boxd.it/bxcxCV,3.5,,,10/27/25
11/4/25,Bram Stoker's Dracula,1992,https://boxd.it/bAYipb,1.5,,,10/30/25
11/4/25,Death Becomes Her,1992,https://boxd.it/bAYqZr,3,,,10/31/25
11/6/25,Frankenstein,2025,https://boxd.it/bC6p3V,4,,"michigan/state theater, 2026 oscars",11/2/25
11/8/25,The Electric Horseman,1979,https://boxd.it/bDeWtx,4.5,,,11/5/25
11/8/25,A House of Dynamite,2025,https://boxd.it/bDuzZR,,,,11/7/25
11/13/25,The Way We Were,1973,https://boxd.it/bGZ8Kf,3.5,,,11/10/25
11/16/25,The Wedding in Monaco,1956,https://boxd.it/bJhBZR,,,,11/15/25
11/21/25,Waves '98,2015,https://boxd.it/bMi9CJ,4,,,11/18/25
11/21/25,Gaslight,1944,https://boxd.it/bMifcH,4,,,11/18/25
11/21/25,Theeb,2014,https://boxd.it/bMzIOJ,4,,,11/19/25
11/22/25,After the Hunt,2025,https://boxd.it/bN502P,2,,,11/20/25
11/24/25,The Running Man,2025,https://boxd.it/bONq6v,3,,"ronnie's, w/dad!",11/22/25
11/25/25,The Year Without a Santa Claus,1974,https://boxd.it/bPzipZ,2.5,,,11/23/25
11/27/25,Miracle,2004,https://boxd.it/bQSYIr,4.5,Yes,,11/26/25
12/1/25,The Sound of Music,1965,https://boxd.it/bTjpJr,5,,,11/27/25
12/1/25,Bilal: A New Breed of Hero,2015,https://boxd.it/bTDCUH,2.5,,,11/30/25
12/2/25,Samsara,2011,https://boxd.it/bU65Fx,3.5,,,11/30/25
12/4/25,Frankenstein,1910,https://boxd.it/bVjbch,2.5,,,12/2/25
12/5/25,A Christmas Carol,1910,https://boxd.it/bVPDnr,2.5,,,12/3/25
12/6/25,National Treasure,2004,https://boxd.it/bWwsmj,3.5,Yes,,12/3/25
12/10/25,The Battle of Algiers,1966,https://boxd.it/bZBUCh,5,,on a plane,12/6/25
12/12/25,His Girl Friday,1940,https://boxd.it/c0QTCJ,4.5,,,12/9/25
12/14/25,KPop Demon Hunters,2025,https://boxd.it/c2gHW9,2.5,,2026 oscars,12/11/25
12/17/25,Bugonia,2025,https://boxd.it/c4SrbF,2,,2026 oscars,12/14/25
12/18/25,Wicked: For Good,2025,https://boxd.it/c5JMnt,1.5,,"ronnie's, solo",12/15/25
12/22/25,Wake Up Dead Man,2025,https://boxd.it/c9RXxr,4.5,,,12/19/25
12/23/25,Jay Kelly,2025,https://boxd.it/cbc6wL,3,,,12/21/25
12/24/25,Elio,2025,https://boxd.it/cct39H,3.5,,2026 oscars,12/22/25
12/24/25,Murder in Monaco,2025,https://boxd.it/ccvHhl,,,,12/23/25
12/25/25,The Bishop's Wife,1947,https://boxd.it/cdweUf,3,,,12/24/25
12/25/25,It's a Wonderful Life,1946,https://boxd.it/cdAW4b,5,Yes,,12/24/25
12/27/25,White Christmas,1954,https://boxd.it/cfvaZB,3,,,12/25/25
12/27/25,Santa Claus,1898,https://boxd.it/cfy0Ct,3,,,12/26/25
12/27/25,Avatar,2009,https://boxd.it/cfA0uX,3,,,12/26/25
12/28/25,Marty Supreme,2025,https://boxd.it/cgYawh,,,"des peres, w/dad!, 2026 oscars",12/26/25
12/31/25,Weapons,2025,https://boxd.it/ckkrDZ,3.5,,2026 oscars,12/28/25
12/30/25,The Hilarious Posters,1906,https://boxd.it/cjh9k1,3.5,,,12/29/25
12/31/25,No Other Choice,2025,https://boxd.it/cko3VD,5,,"amc river east, solo",12/29/25
12/31/25,Avatar: The Way of Water,2022,https://boxd.it/ckwlYh,3.5,,,12/30/25
12/31/25,The Princess Bride,1987,https://boxd.it/ckY0ND,5,Yes,,12/30/25
1/1/26,Hedda,2025,https://boxd.it/cljq4h,3,,,12/30/25
1/1/26,What's a Nice Girl Like You Doing in a Place Like This?,1963,https://boxd.it/cljWMb,3.5,,,12/30/25
1/1/26,A Trip to the Moon,1902,https://boxd.it/clvnlj,4,,,12/31/25
1/1/26,The Thin Man,1934,https://boxd.it/clK7Nh,4,,,12/31/25
1/1/26,Bringing Up Baby,1938,https://boxd.it/clKjLx,4,,,12/31/25
1/1/26,Notorious,1946,https://boxd.it/clQb8f,4,,,12/31/25